{"initial_reset_timestamp": 1571427481.3225904, "timestamps": [1571427502.5672364, 1571427503.5068982, 1571427504.3585234, 1571427505.21632, 1571427506.0988362, 1571427506.9627635, 1571427507.8059905, 1571427525.9153147, 1571427526.8225317, 1571427527.6614115], "episode_lengths": [786, 802, 796, 784, 792, 774, 808, 789, 786, 792], "episode_rewards": [304.87211119451644, 304.7834264159805, 304.1956056054318, 305.34566800738145, 304.37794905499777, 305.3415975995004, 304.07964632679074, 304.74731184770644, 305.86901607145495, 304.21629328888383], "episode_types": ["t", "t", "t", "t", "t", "t", "t", "t", "t", "t", "t"]}